{
  "auditReportVersion": 2,
  "vulnerabilities": {
    "@sentry/browser": {
      "name": "@sentry/browser",
      "severity": "moderate",
      "isDirect": false,
      "via": [
        {
          "source": 1099838,
          "name": "@sentry/browser",
          "dependency": "@sentry/browser",
          "title": "Sentry SDK Prototype Pollution gadget in JavaScript SDKs",
          "url": "https://github.com/advisories/GHSA-593m-55hh-j8gv",
          "severity": "moderate",
          "cwe": [
            "CWE-913"
          ],
          "cvss": {
            "score": 5.6,
            "vectorString": "CVSS:3.1/AV:N/AC:H/PR:N/UI:N/S:U/C:L/I:L/A:L"
          },
          "range": "<7.119.1"
        }
      ],
      "effects": [
        "sentry-sdk"
      ],
      "range": "<7.119.1",
      "nodes": [
        "node_modules/sentry-sdk/node_modules/@sentry/browser"
      ],
      "fixAvailable": false
    },
    "braces": {
      "name": "braces",
      "severity": "high",
      "isDirect": false,
      "via": [
        {
          "source": 1098094,
          "name": "braces",
          "dependency": "braces",
          "title": "Uncontrolled resource consumption in braces",
          "url": "https://github.com/advisories/GHSA-grv7-fg5c-xmjg",
          "severity": "high",
          "cwe": [
            "CWE-400",
            "CWE-1050"
          ],
          "cvss": {
            "score": 7.5,
            "vectorString": "CVSS:3.1/AV:N/AC:L/PR:N/UI:N/S:U/C:N/I:N/A:H"
          },
          "range": "<3.0.3"
        }
      ],
      "effects": [
        "micromatch"
      ],
      "range": "<3.0.3",
      "nodes": [
        "node_modules/webpack-cli/node_modules/braces",
        "node_modules/webpack/node_modules/braces"
      ],
      "fixAvailable": false
    },
    "cookie": {
      "name": "cookie",
      "severity": "low",
      "isDirect": false,
      "via": [
        {
          "source": 1103907,
          "name": "cookie",
          "dependency": "cookie",
          "title": "cookie accepts cookie name, path, and domain with out of bounds characters",
          "url": "https://github.com/advisories/GHSA-pxg6-pf52-xh8x",
          "severity": "low",
          "cwe": [
            "CWE-74"
          ],
          "cvss": {
            "score": 0,
            "vectorString": null
          },
          "range": "<0.7.0"
        }
      ],
      "effects": [
        "next-auth"
      ],
      "range": "<0.7.0",
      "nodes": [
        "node_modules/next-auth/node_modules/cookie"
      ],
      "fixAvailable": {
        "name": "next-auth",
        "version": "4.24.11",
        "isSemVerMajor": false
      }
    },
    "esbuild": {
      "name": "esbuild",
      "severity": "moderate",
      "isDirect": false,
      "via": [
        {
          "source": 1102341,
          "name": "esbuild",
          "dependency": "esbuild",
          "title": "esbuild enables any website to send any requests to the development server and read the response",
          "url": "https://github.com/advisories/GHSA-67mh-4wv8-2f99",
          "severity": "moderate",
          "cwe": [
            "CWE-346"
          ],
          "cvss": {
            "score": 5.3,
            "vectorString": "CVSS:3.1/AV:N/AC:H/PR:N/UI:R/S:U/C:H/I:N/A:N"
          },
          "range": "<=0.24.2"
        }
      ],
      "effects": [
        "tsx"
      ],
      "range": "<=0.24.2",
      "nodes": [
        "node_modules/esbuild"
      ],
      "fixAvailable": {
        "name": "tsx",
        "version": "4.20.5",
        "isSemVerMajor": false
      }
    },
    "findup-sync": {
      "name": "findup-sync",
      "severity": "moderate",
      "isDirect": false,
      "via": [
        "micromatch"
      ],
      "effects": [
        "webpack-cli"
      ],
      "range": "0.4.0 - 3.0.0",
      "nodes": [
        "node_modules/webpack-cli/node_modules/findup-sync"
      ],
      "fixAvailable": true
    },
    "micromatch": {
      "name": "micromatch",
      "severity": "high",
      "isDirect": false,
      "via": [
        {
          "source": 1098681,
          "name": "micromatch",
          "dependency": "micromatch",
          "title": "Regular Expression Denial of Service (ReDoS) in micromatch",
          "url": "https://github.com/advisories/GHSA-952p-6rrq-rcjv",
          "severity": "moderate",
          "cwe": [
            "CWE-1333"
          ],
          "cvss": {
            "score": 5.3,
            "vectorString": "CVSS:3.1/AV:N/AC:L/PR:N/UI:N/S:U/C:N/I:N/A:L"
          },
          "range": "<4.0.8"
        },
        "braces"
      ],
      "effects": [
        "findup-sync",
        "webpack"
      ],
      "range": "<=4.0.7",
      "nodes": [
        "node_modules/webpack-cli/node_modules/micromatch",
        "node_modules/webpack/node_modules/micromatch"
      ],
      "fixAvailable": false
    },
    "next": {
      "name": "next",
      "severity": "moderate",
      "isDirect": true,
      "via": [
        {
          "source": 1105461,
          "name": "next",
          "dependency": "next",
          "title": "Information exposure in Next.js dev server due to lack of origin verification",
          "url": "https://github.com/advisories/GHSA-3h52-269p-cp9r",
          "severity": "low",
          "cwe": [
            "CWE-1385"
          ],
          "cvss": {
            "score": 0,
            "vectorString": null
          },
          "range": ">=13.0 <14.2.30"
        },
        {
          "source": 1107198,
          "name": "next",
          "dependency": "next",
          "title": "Next.js Content Injection Vulnerability for Image Optimization",
          "url": "https://github.com/advisories/GHSA-xv57-4mr9-wg8v",
          "severity": "moderate",
          "cwe": [
            "CWE-20"
          ],
          "cvss": {
            "score": 4.3,
            "vectorString": "CVSS:3.1/AV:N/AC:L/PR:N/UI:R/S:U/C:N/I:L/A:N"
          },
          "range": "<14.2.31"
        },
        {
          "source": 1107200,
          "name": "next",
          "dependency": "next",
          "title": "Next.js Improper Middleware Redirect Handling Leads to SSRF",
          "url": "https://github.com/advisories/GHSA-4342-x723-ch2f",
          "severity": "moderate",
          "cwe": [
            "CWE-918"
          ],
          "cvss": {
            "score": 6.5,
            "vectorString": "CVSS:3.1/AV:N/AC:H/PR:N/UI:N/S:U/C:H/I:L/A:N"
          },
          "range": "<14.2.32"
        },
        {
          "source": 1107226,
          "name": "next",
          "dependency": "next",
          "title": "Next.js Affected by Cache Key Confusion for Image Optimization API Routes",
          "url": "https://github.com/advisories/GHSA-g5qg-72qw-gw5v",
          "severity": "moderate",
          "cwe": [
            "CWE-524"
          ],
          "cvss": {
            "score": 6.2,
            "vectorString": "CVSS:3.1/AV:L/AC:L/PR:N/UI:N/S:U/C:H/I:N/A:N"
          },
          "range": ">=0.9.9 <14.2.31"
        }
      ],
      "effects": [],
      "range": "<=14.2.31",
      "nodes": [
        "node_modules/next"
      ],
      "fixAvailable": {
        "name": "next",
        "version": "14.2.32",
        "isSemVerMajor": false
      }
    },
    "next-auth": {
      "name": "next-auth",
      "severity": "low",
      "isDirect": true,
      "via": [
        "cookie"
      ],
      "effects": [],
      "range": "<=0.0.0-pr.11562.ed0fce23 || 4.0.0-beta.1 - 4.0.0-beta.7 || 4.0.1 - 4.24.8",
      "nodes": [
        "node_modules/next-auth"
      ],
      "fixAvailable": {
        "name": "next-auth",
        "version": "4.24.11",
        "isSemVerMajor": false
      }
    },
    "sentry-sdk": {
      "name": "sentry-sdk",
      "severity": "moderate",
      "isDirect": true,
      "via": [
        "@sentry/browser",
        "webpack",
        "webpack-cli"
      ],
      "effects": [],
      "range": "*",
      "nodes": [
        "node_modules/sentry-sdk"
      ],
      "fixAvailable": false
    },
    "terser-webpack-plugin": {
      "name": "terser-webpack-plugin",
      "severity": "moderate",
      "isDirect": false,
      "via": [
        "webpack"
      ],
      "effects": [
        "webpack"
      ],
      "range": "<=2.2.1",
      "nodes": [
        "node_modules/terser-webpack-plugin"
      ],
      "fixAvailable": false
    },
    "tsx": {
      "name": "tsx",
      "severity": "moderate",
      "isDirect": true,
      "via": [
        "esbuild"
      ],
      "effects": [],
      "range": "3.13.0 - 4.19.2",
      "nodes": [
        "node_modules/tsx"
      ],
      "fixAvailable": {
        "name": "tsx",
        "version": "4.20.5",
        "isSemVerMajor": false
      }
    },
    "webpack": {
      "name": "webpack",
      "severity": "moderate",
      "isDirect": false,
      "via": [
        "micromatch",
        "terser-webpack-plugin"
      ],
      "effects": [
        "sentry-sdk",
        "terser-webpack-plugin",
        "webpack-cli"
      ],
      "range": "4.0.0-alpha.0 - 5.0.0-rc.6",
      "nodes": [
        "node_modules/webpack"
      ],
      "fixAvailable": false
    },
    "webpack-cli": {
      "name": "webpack-cli",
      "severity": "moderate",
      "isDirect": false,
      "via": [
        "findup-sync",
        "webpack"
      ],
      "effects": [],
      "range": "<=0.0.8-development || 2.0.11 - 4.0.0-rc.1",
      "nodes": [
        "node_modules/webpack-cli"
      ],
      "fixAvailable": true
    }
  },
  "metadata": {
    "vulnerabilities": {
      "info": 0,
      "low": 2,
      "moderate": 9,
      "high": 2,
      "critical": 0,
      "total": 13
    },
    "dependencies": {
      "prod": 1262,
      "dev": 785,
      "optional": 82,
      "peer": 49,
      "peerOptional": 0,
      "total": 2105
    }
  }
}
